<?xml version='1.0' encoding='utf-8'?>
<project xmlns:ns1="http://www.plcopen.org/xml/tc6_0201" xmlns:xhtml="http://www.w3.org/1999/xhtml" xmlns:xsd="http://www.w3.org/2001/XMLSchema" xmlns="http://www.plcopen.org/xml/tc6_0201">
  <fileHeader companyName="Unknown" productName="Unnamed" productVersion="1" creationDateTime="2023-04-01T12:01:32"/>
  <contentHeader name="Unnamed" modificationDateTime="2023-04-07T11:22:55">
    <coordinateInfo>
      <fbd>
        <scaling x="10" y="10"/>
      </fbd>
      <ld>
        <scaling x="10" y="10"/>
      </ld>
      <sfc>
        <scaling x="10" y="10"/>
      </sfc>
    </coordinateInfo>
  </contentHeader>
  <types>
    <dataTypes/>
    <pous>
      <pou name="testingopen" pouType="program">
        <interface>
          <localVars>
            <variable name="Led1" address="%QX0.1">
              <type>
                <BOOL/>
              </type>
            </variable>
            <variable name="Banda2" address="%QX0.5">
              <type>
                <BOOL/>
              </type>
            </variable>
          </localVars>
          <localVars>
            <variable name="Start">
              <type>
                <BOOL/>
              </type>
            </variable>
            <variable name="MyStart">
              <type>
                <BOOL/>
              </type>
            </variable>
          </localVars>
          <localVars>
            <variable name="StartButton" address="%IX0.1">
              <type>
                <BOOL/>
              </type>
            </variable>
            <variable name="EmergenciaButton" address="%IX0.2">
              <type>
                <BOOL/>
              </type>
            </variable>
            <variable name="Banda1" address="%QX0.3">
              <type>
                <BOOL/>
              </type>
            </variable>
            <variable name="Sensor" address="%IX0.4">
              <type>
                <BOOL/>
              </type>
            </variable>
            <variable name="Sensor2" address="%IX0.5">
              <type>
                <BOOL/>
              </type>
            </variable>
          </localVars>
          <localVars>
            <variable name="Out2">
              <type>
                <BOOL/>
              </type>
            </variable>
            <variable name="Out1">
              <type>
                <BOOL/>
              </type>
            </variable>
            <variable name="Out3">
              <type>
                <BOOL/>
              </type>
            </variable>
          </localVars>
          <localVars>
            <variable name="Ledsistema" address="%QX0.7">
              <type>
                <BOOL/>
              </type>
            </variable>
            <variable name="Banda1N" address="%QX0.4">
              <type>
                <BOOL/>
              </type>
            </variable>
            <variable name="Banda2N" address="%QX0.6">
              <type>
                <BOOL/>
              </type>
            </variable>
          </localVars>
          <localVars>
            <variable name="Tierra">
              <type>
                <BOOL/>
              </type>
            </variable>
            <variable name="Counter">
              <type>
                <INT/>
              </type>
            </variable>
            <variable name="Counter1">
              <type>
                <INT/>
              </type>
            </variable>
            <variable name="Counter2">
              <type>
                <INT/>
              </type>
            </variable>
            <variable name="Thefinalcountertarara">
              <type>
                <INT/>
              </type>
            </variable>
            <variable name="EndProcess">
              <type>
                <BOOL/>
              </type>
            </variable>
            <variable name="Reset">
              <type>
                <BOOL/>
              </type>
            </variable>
            <variable name="Reset2">
              <type>
                <BOOL/>
              </type>
            </variable>
            <variable name="Reset3">
              <type>
                <BOOL/>
              </type>
            </variable>
            <variable name="AlmostReset">
              <type>
                <BOOL/>
              </type>
            </variable>
            <variable name="MyReset">
              <type>
                <BOOL/>
              </type>
            </variable>
            <variable name="TON0">
              <type>
                <derived name="TON"/>
              </type>
            </variable>
            <variable name="TOF0">
              <type>
                <derived name="TOF"/>
              </type>
            </variable>
            <variable name="CTU0">
              <type>
                <derived name="CTU"/>
              </type>
            </variable>
            <variable name="TON1">
              <type>
                <derived name="TON"/>
              </type>
            </variable>
            <variable name="CTU1">
              <type>
                <derived name="CTU"/>
              </type>
            </variable>
            <variable name="TON2">
              <type>
                <derived name="TON"/>
              </type>
            </variable>
            <variable name="CTU2">
              <type>
                <derived name="CTU"/>
              </type>
            </variable>
            <variable name="CTU3">
              <type>
                <derived name="CTU"/>
              </type>
            </variable>
          </localVars>
        </interface>
        <body>
          <LD>
            <leftPowerRail localId="1" height="2000" width="10">
              <position x="370" y="60"/>
              <connectionPointOut formalParameter="">
                <relPosition x="10" y="20"/>
              </connectionPointOut>
              <connectionPointOut formalParameter="">
                <relPosition x="10" y="60"/>
              </connectionPointOut>
              <connectionPointOut formalParameter="">
                <relPosition x="10" y="100"/>
              </connectionPointOut>
              <connectionPointOut formalParameter="">
                <relPosition x="10" y="140"/>
              </connectionPointOut>
              <connectionPointOut formalParameter="">
                <relPosition x="10" y="180"/>
              </connectionPointOut>
              <connectionPointOut formalParameter="">
                <relPosition x="10" y="220"/>
              </connectionPointOut>
              <connectionPointOut formalParameter="">
                <relPosition x="10" y="260"/>
              </connectionPointOut>
              <connectionPointOut formalParameter="">
                <relPosition x="10" y="300"/>
              </connectionPointOut>
              <connectionPointOut formalParameter="">
                <relPosition x="10" y="340"/>
              </connectionPointOut>
              <connectionPointOut formalParameter="">
                <relPosition x="10" y="380"/>
              </connectionPointOut>
              <connectionPointOut formalParameter="">
                <relPosition x="10" y="420"/>
              </connectionPointOut>
              <connectionPointOut formalParameter="">
                <relPosition x="10" y="460"/>
              </connectionPointOut>
              <connectionPointOut formalParameter="">
                <relPosition x="10" y="500"/>
              </connectionPointOut>
              <connectionPointOut formalParameter="">
                <relPosition x="10" y="540"/>
              </connectionPointOut>
              <connectionPointOut formalParameter="">
                <relPosition x="10" y="580"/>
              </connectionPointOut>
              <connectionPointOut formalParameter="">
                <relPosition x="10" y="620"/>
              </connectionPointOut>
              <connectionPointOut formalParameter="">
                <relPosition x="10" y="660"/>
              </connectionPointOut>
              <connectionPointOut formalParameter="">
                <relPosition x="10" y="700"/>
              </connectionPointOut>
              <connectionPointOut formalParameter="">
                <relPosition x="10" y="740"/>
              </connectionPointOut>
              <connectionPointOut formalParameter="">
                <relPosition x="10" y="780"/>
              </connectionPointOut>
              <connectionPointOut formalParameter="">
                <relPosition x="10" y="820"/>
              </connectionPointOut>
              <connectionPointOut formalParameter="">
                <relPosition x="10" y="860"/>
              </connectionPointOut>
              <connectionPointOut formalParameter="">
                <relPosition x="10" y="900"/>
              </connectionPointOut>
              <connectionPointOut formalParameter="">
                <relPosition x="10" y="940"/>
              </connectionPointOut>
              <connectionPointOut formalParameter="">
                <relPosition x="10" y="980"/>
              </connectionPointOut>
              <connectionPointOut formalParameter="">
                <relPosition x="10" y="1020"/>
              </connectionPointOut>
              <connectionPointOut formalParameter="">
                <relPosition x="10" y="1060"/>
              </connectionPointOut>
              <connectionPointOut formalParameter="">
                <relPosition x="10" y="1100"/>
              </connectionPointOut>
              <connectionPointOut formalParameter="">
                <relPosition x="10" y="1140"/>
              </connectionPointOut>
              <connectionPointOut formalParameter="">
                <relPosition x="10" y="1180"/>
              </connectionPointOut>
              <connectionPointOut formalParameter="">
                <relPosition x="10" y="1220"/>
              </connectionPointOut>
              <connectionPointOut formalParameter="">
                <relPosition x="10" y="1260"/>
              </connectionPointOut>
              <connectionPointOut formalParameter="">
                <relPosition x="10" y="1300"/>
              </connectionPointOut>
              <connectionPointOut formalParameter="">
                <relPosition x="10" y="1340"/>
              </connectionPointOut>
              <connectionPointOut formalParameter="">
                <relPosition x="10" y="1380"/>
              </connectionPointOut>
              <connectionPointOut formalParameter="">
                <relPosition x="10" y="1420"/>
              </connectionPointOut>
              <connectionPointOut formalParameter="">
                <relPosition x="10" y="1460"/>
              </connectionPointOut>
              <connectionPointOut formalParameter="">
                <relPosition x="10" y="1500"/>
              </connectionPointOut>
              <connectionPointOut formalParameter="">
                <relPosition x="10" y="1540"/>
              </connectionPointOut>
              <connectionPointOut formalParameter="">
                <relPosition x="10" y="1580"/>
              </connectionPointOut>
              <connectionPointOut formalParameter="">
                <relPosition x="10" y="1620"/>
              </connectionPointOut>
              <connectionPointOut formalParameter="">
                <relPosition x="10" y="1660"/>
              </connectionPointOut>
              <connectionPointOut formalParameter="">
                <relPosition x="10" y="1700"/>
              </connectionPointOut>
              <connectionPointOut formalParameter="">
                <relPosition x="10" y="1740"/>
              </connectionPointOut>
              <connectionPointOut formalParameter="">
                <relPosition x="10" y="1780"/>
              </connectionPointOut>
              <connectionPointOut formalParameter="">
                <relPosition x="10" y="1820"/>
              </connectionPointOut>
              <connectionPointOut formalParameter="">
                <relPosition x="10" y="1860"/>
              </connectionPointOut>
              <connectionPointOut formalParameter="">
                <relPosition x="10" y="1900"/>
              </connectionPointOut>
              <connectionPointOut formalParameter="">
                <relPosition x="10" y="1940"/>
              </connectionPointOut>
              <connectionPointOut formalParameter="">
                <relPosition x="10" y="1980"/>
              </connectionPointOut>
            </leftPowerRail>
            <rightPowerRail localId="2" height="2000" width="10">
              <position x="860" y="60"/>
              <connectionPointIn>
                <relPosition x="0" y="20"/>
                <connection refLocalId="6" formalParameter="ENO">
                  <position x="860" y="80"/>
                  <position x="780" y="80"/>
                  <position x="780" y="60"/>
                  <position x="710" y="60"/>
                </connection>
              </connectionPointIn>
              <connectionPointIn>
                <relPosition x="0" y="60"/>
                <connection refLocalId="4">
                  <position x="860" y="120"/>
                  <position x="780" y="120"/>
                </connection>
              </connectionPointIn>
              <connectionPointIn>
                <relPosition x="0" y="100"/>
                <connection refLocalId="10">
                  <position x="860" y="160"/>
                  <position x="751" y="160"/>
                </connection>
              </connectionPointIn>
              <connectionPointIn>
                <relPosition x="0" y="140"/>
                <connection refLocalId="14">
                  <position x="860" y="200"/>
                  <position x="721" y="200"/>
                </connection>
              </connectionPointIn>
              <connectionPointIn>
                <relPosition x="0" y="180"/>
              </connectionPointIn>
              <connectionPointIn>
                <relPosition x="0" y="220"/>
              </connectionPointIn>
              <connectionPointIn>
                <relPosition x="0" y="260"/>
                <connection refLocalId="20" formalParameter="ENO">
                  <position x="860" y="320"/>
                  <position x="750" y="320"/>
                  <position x="750" y="350"/>
                  <position x="640" y="350"/>
                </connection>
              </connectionPointIn>
              <connectionPointIn>
                <relPosition x="0" y="300"/>
                <connection refLocalId="22">
                  <position x="860" y="360"/>
                  <position x="785" y="360"/>
                  <position x="785" y="380"/>
                  <position x="711" y="380"/>
                </connection>
              </connectionPointIn>
              <connectionPointIn>
                <relPosition x="0" y="340"/>
              </connectionPointIn>
              <connectionPointIn>
                <relPosition x="0" y="380"/>
                <connection refLocalId="23">
                  <position x="860" y="440"/>
                  <position x="795" y="440"/>
                  <position x="795" y="450"/>
                  <position x="731" y="450"/>
                </connection>
              </connectionPointIn>
              <connectionPointIn>
                <relPosition x="0" y="420"/>
                <connection refLocalId="24">
                  <position x="860" y="480"/>
                  <position x="780" y="480"/>
                  <position x="780" y="490"/>
                  <position x="701" y="490"/>
                </connection>
              </connectionPointIn>
              <connectionPointIn>
                <relPosition x="0" y="460"/>
                <connection refLocalId="35">
                  <position x="860" y="520"/>
                  <position x="811" y="520"/>
                </connection>
              </connectionPointIn>
              <connectionPointIn>
                <relPosition x="0" y="500"/>
              </connectionPointIn>
              <connectionPointIn>
                <relPosition x="0" y="540"/>
                <connection refLocalId="34" formalParameter="ENO">
                  <position x="860" y="600"/>
                  <position x="820" y="600"/>
                  <position x="820" y="610"/>
                  <position x="740" y="610"/>
                </connection>
              </connectionPointIn>
              <connectionPointIn>
                <relPosition x="0" y="580"/>
                <connection refLocalId="33">
                  <position x="860" y="640"/>
                  <position x="811" y="640"/>
                </connection>
              </connectionPointIn>
              <connectionPointIn>
                <relPosition x="0" y="620"/>
              </connectionPointIn>
              <connectionPointIn>
                <relPosition x="0" y="660"/>
                <connection refLocalId="41">
                  <position x="860" y="720"/>
                  <position x="771" y="720"/>
                </connection>
              </connectionPointIn>
              <connectionPointIn>
                <relPosition x="0" y="700"/>
                <connection refLocalId="38">
                  <position x="860" y="760"/>
                  <position x="801" y="760"/>
                </connection>
              </connectionPointIn>
              <connectionPointIn>
                <relPosition x="0" y="740"/>
                <connection refLocalId="46">
                  <position x="860" y="800"/>
                  <position x="791" y="800"/>
                </connection>
              </connectionPointIn>
              <connectionPointIn>
                <relPosition x="0" y="780"/>
              </connectionPointIn>
              <connectionPointIn>
                <relPosition x="0" y="820"/>
                <connection refLocalId="50">
                  <position x="860" y="880"/>
                  <position x="611" y="880"/>
                </connection>
              </connectionPointIn>
              <connectionPointIn>
                <relPosition x="0" y="860"/>
                <connection refLocalId="52">
                  <position x="860" y="920"/>
                  <position x="721" y="920"/>
                </connection>
              </connectionPointIn>
              <connectionPointIn>
                <relPosition x="0" y="900"/>
                <connection refLocalId="66">
                  <position x="860" y="960"/>
                  <position x="811" y="960"/>
                  <position x="811" y="970"/>
                  <position x="801" y="970"/>
                </connection>
              </connectionPointIn>
              <connectionPointIn>
                <relPosition x="0" y="940"/>
              </connectionPointIn>
              <connectionPointIn>
                <relPosition x="0" y="980"/>
              </connectionPointIn>
              <connectionPointIn>
                <relPosition x="0" y="1020"/>
                <connection refLocalId="64">
                  <position x="860" y="1080"/>
                  <position x="745" y="1080"/>
                  <position x="745" y="1100"/>
                  <position x="651" y="1100"/>
                </connection>
              </connectionPointIn>
              <connectionPointIn>
                <relPosition x="0" y="1060"/>
              </connectionPointIn>
              <connectionPointIn>
                <relPosition x="0" y="1100"/>
                <connection refLocalId="61">
                  <position x="860" y="1160"/>
                  <position x="731" y="1160"/>
                </connection>
              </connectionPointIn>
              <connectionPointIn>
                <relPosition x="0" y="1140"/>
              </connectionPointIn>
              <connectionPointIn>
                <relPosition x="0" y="1180"/>
              </connectionPointIn>
              <connectionPointIn>
                <relPosition x="0" y="1220"/>
              </connectionPointIn>
              <connectionPointIn>
                <relPosition x="0" y="1260"/>
              </connectionPointIn>
              <connectionPointIn>
                <relPosition x="0" y="1300"/>
              </connectionPointIn>
              <connectionPointIn>
                <relPosition x="0" y="1340"/>
              </connectionPointIn>
              <connectionPointIn>
                <relPosition x="0" y="1380"/>
              </connectionPointIn>
              <connectionPointIn>
                <relPosition x="0" y="1420"/>
              </connectionPointIn>
              <connectionPointIn>
                <relPosition x="0" y="1460"/>
              </connectionPointIn>
              <connectionPointIn>
                <relPosition x="0" y="1500"/>
              </connectionPointIn>
              <connectionPointIn>
                <relPosition x="0" y="1540"/>
              </connectionPointIn>
              <connectionPointIn>
                <relPosition x="0" y="1580"/>
              </connectionPointIn>
              <connectionPointIn>
                <relPosition x="0" y="1620"/>
              </connectionPointIn>
              <connectionPointIn>
                <relPosition x="0" y="1660"/>
              </connectionPointIn>
              <connectionPointIn>
                <relPosition x="0" y="1700"/>
              </connectionPointIn>
              <connectionPointIn>
                <relPosition x="0" y="1740"/>
              </connectionPointIn>
              <connectionPointIn>
                <relPosition x="0" y="1780"/>
              </connectionPointIn>
              <connectionPointIn>
                <relPosition x="0" y="1820"/>
              </connectionPointIn>
              <connectionPointIn>
                <relPosition x="0" y="1860"/>
              </connectionPointIn>
              <connectionPointIn>
                <relPosition x="0" y="1900"/>
              </connectionPointIn>
              <connectionPointIn>
                <relPosition x="0" y="1940"/>
              </connectionPointIn>
              <connectionPointIn>
                <relPosition x="0" y="1980"/>
              </connectionPointIn>
            </rightPowerRail>
            <contact localId="3" height="20" width="30" negated="true">
              <position x="430" y="110"/>
              <connectionPointIn>
                <relPosition x="0" y="10"/>
                <connection refLocalId="1">
                  <position x="430" y="120"/>
                  <position x="380" y="120"/>
                </connection>
              </connectionPointIn>
              <connectionPointOut>
                <relPosition x="30" y="10"/>
              </connectionPointOut>
              <variable>Led1</variable>
            </contact>
            <coil localId="4" height="20" width="30" negated="false">
              <position x="750" y="110"/>
              <connectionPointIn>
                <relPosition x="0" y="10"/>
                <connection refLocalId="6" formalParameter="Q">
                  <position x="750" y="120"/>
                  <position x="725" y="120"/>
                  <position x="725" y="80"/>
                  <position x="710" y="80"/>
                </connection>
              </connectionPointIn>
              <connectionPointOut>
                <relPosition x="30" y="10"/>
              </connectionPointOut>
              <variable>Led1</variable>
            </coil>
            <block localId="5" typeName="TON" instanceName="TON0" height="120" width="60">
              <position x="510" y="20"/>
              <inputVariables>
                <variable formalParameter="EN">
                  <connectionPointIn>
                    <relPosition x="0" y="40"/>
                    <connection refLocalId="1">
                      <position x="510" y="60"/>
                      <position x="445" y="60"/>
                      <position x="445" y="80"/>
                      <position x="380" y="80"/>
                    </connection>
                  </connectionPointIn>
                </variable>
                <variable formalParameter="IN">
                  <connectionPointIn>
                    <relPosition x="0" y="70"/>
                    <connection refLocalId="3">
                      <position x="510" y="90"/>
                      <position x="485" y="90"/>
                      <position x="485" y="120"/>
                      <position x="460" y="120"/>
                    </connection>
                  </connectionPointIn>
                </variable>
                <variable formalParameter="PT">
                  <connectionPointIn>
                    <relPosition x="0" y="100"/>
                    <connection refLocalId="7">
                      <position x="510" y="120"/>
                      <position x="500" y="120"/>
                      <position x="500" y="20"/>
                      <position x="480" y="20"/>
                    </connection>
                  </connectionPointIn>
                </variable>
              </inputVariables>
              <inOutVariables/>
              <outputVariables>
                <variable formalParameter="ENO">
                  <connectionPointOut>
                    <relPosition x="60" y="40"/>
                  </connectionPointOut>
                </variable>
                <variable formalParameter="Q">
                  <connectionPointOut>
                    <relPosition x="60" y="70"/>
                  </connectionPointOut>
                </variable>
                <variable formalParameter="ET">
                  <connectionPointOut>
                    <relPosition x="60" y="100"/>
                  </connectionPointOut>
                </variable>
              </outputVariables>
            </block>
            <block localId="6" typeName="TOF" instanceName="TOF0" height="110" width="60" executionOrderId="0">
              <position x="650" y="20"/>
              <inputVariables>
                <variable formalParameter="EN">
                  <connectionPointIn>
                    <relPosition x="0" y="40"/>
                    <connection refLocalId="5" formalParameter="ENO">
                      <position x="650" y="60"/>
                      <position x="570" y="60"/>
                    </connection>
                  </connectionPointIn>
                </variable>
                <variable formalParameter="IN">
                  <connectionPointIn>
                    <relPosition x="0" y="60"/>
                    <connection refLocalId="5" formalParameter="Q">
                      <position x="650" y="80"/>
                      <position x="605" y="80"/>
                      <position x="605" y="90"/>
                      <position x="570" y="90"/>
                    </connection>
                  </connectionPointIn>
                </variable>
                <variable formalParameter="PT">
                  <connectionPointIn>
                    <relPosition x="0" y="100"/>
                    <connection refLocalId="8">
                      <position x="650" y="120"/>
                      <position x="630" y="120"/>
                      <position x="630" y="10"/>
                      <position x="910" y="10"/>
                      <position x="910" y="20"/>
                      <position x="900" y="20"/>
                    </connection>
                  </connectionPointIn>
                </variable>
              </inputVariables>
              <inOutVariables/>
              <outputVariables>
                <variable formalParameter="ENO">
                  <connectionPointOut>
                    <relPosition x="60" y="40"/>
                  </connectionPointOut>
                </variable>
                <variable formalParameter="Q">
                  <connectionPointOut>
                    <relPosition x="60" y="60"/>
                  </connectionPointOut>
                </variable>
                <variable formalParameter="ET">
                  <connectionPointOut>
                    <relPosition x="60" y="100"/>
                  </connectionPointOut>
                </variable>
              </outputVariables>
            </block>
            <inVariable localId="7" height="30" width="80" negated="false">
              <position x="400" y="10"/>
              <connectionPointOut>
                <relPosition x="80" y="10"/>
              </connectionPointOut>
              <expression>T#1000ms</expression>
            </inVariable>
            <inVariable localId="8" height="30" width="80" negated="false" executionOrderId="0">
              <position x="820" y="0"/>
              <connectionPointOut>
                <relPosition x="80" y="20"/>
              </connectionPointOut>
              <expression>T#1000ms</expression>
            </inVariable>
            <contact localId="9" height="20" width="21" negated="false">
              <position x="640" y="150"/>
              <connectionPointIn>
                <relPosition x="0" y="10"/>
                <connection refLocalId="43">
                  <position x="640" y="160"/>
                  <position x="440" y="160"/>
                </connection>
              </connectionPointIn>
              <connectionPointOut>
                <relPosition x="21" y="10"/>
              </connectionPointOut>
              <variable>Start</variable>
            </contact>
            <coil localId="10" height="20" width="21" negated="false">
              <position x="730" y="150"/>
              <connectionPointIn>
                <relPosition x="0" y="10"/>
                <connection refLocalId="9">
                  <position x="730" y="160"/>
                  <position x="661" y="160"/>
                </connection>
              </connectionPointIn>
              <connectionPointOut>
                <relPosition x="21" y="10"/>
              </connectionPointOut>
              <variable>Banda1</variable>
            </coil>
            <contact localId="11" height="20" width="21" negated="false">
              <position x="400" y="210"/>
              <connectionPointIn>
                <relPosition x="0" y="10"/>
                <connection refLocalId="1">
                  <position x="400" y="220"/>
                  <position x="390" y="220"/>
                  <position x="390" y="240"/>
                  <position x="380" y="240"/>
                </connection>
              </connectionPointIn>
              <connectionPointOut>
                <relPosition x="21" y="10"/>
              </connectionPointOut>
              <variable>Reset</variable>
            </contact>
            <block localId="12" typeName="CTU" instanceName="CTU0" height="100" width="60">
              <position x="500" y="170"/>
              <inputVariables>
                <variable formalParameter="CU" edge="rising">
                  <connectionPointIn>
                    <relPosition x="0" y="30"/>
                    <connection refLocalId="13">
                      <position x="500" y="200"/>
                      <position x="471" y="200"/>
                    </connection>
                  </connectionPointIn>
                </variable>
                <variable formalParameter="R">
                  <connectionPointIn>
                    <relPosition x="0" y="60"/>
                    <connection refLocalId="11">
                      <position x="500" y="230"/>
                      <position x="475" y="230"/>
                      <position x="475" y="220"/>
                      <position x="421" y="220"/>
                    </connection>
                  </connectionPointIn>
                </variable>
                <variable formalParameter="PV">
                  <connectionPointIn>
                    <relPosition x="0" y="90"/>
                    <connection refLocalId="15">
                      <position x="500" y="260"/>
                      <position x="450" y="260"/>
                    </connection>
                  </connectionPointIn>
                </variable>
              </inputVariables>
              <inOutVariables/>
              <outputVariables>
                <variable formalParameter="Q">
                  <connectionPointOut>
                    <relPosition x="60" y="30"/>
                  </connectionPointOut>
                </variable>
                <variable formalParameter="CV">
                  <connectionPointOut>
                    <relPosition x="60" y="60"/>
                  </connectionPointOut>
                </variable>
              </outputVariables>
            </block>
            <contact localId="13" height="20" width="21" negated="true">
              <position x="450" y="190"/>
              <connectionPointIn>
                <relPosition x="0" y="10"/>
                <connection refLocalId="1">
                  <position x="450" y="200"/>
                  <position x="380" y="200"/>
                </connection>
              </connectionPointIn>
              <connectionPointOut>
                <relPosition x="21" y="10"/>
              </connectionPointOut>
              <variable>Sensor</variable>
            </contact>
            <coil localId="14" height="20" width="21" negated="false">
              <position x="700" y="190"/>
              <connectionPointIn>
                <relPosition x="0" y="10"/>
                <connection refLocalId="12" formalParameter="Q">
                  <position x="700" y="200"/>
                  <position x="560" y="200"/>
                </connection>
              </connectionPointIn>
              <connectionPointOut>
                <relPosition x="21" y="10"/>
              </connectionPointOut>
              <variable>Out1</variable>
            </coil>
            <inVariable localId="15" height="30" width="30" negated="false">
              <position x="430" y="240"/>
              <connectionPointOut>
                <relPosition x="30" y="20"/>
              </connectionPointOut>
              <expression>5</expression>
            </inVariable>
            <outVariable localId="16" height="30" width="70" negated="false">
              <position x="580" y="240"/>
              <connectionPointIn>
                <relPosition x="0" y="20"/>
                <connection refLocalId="12" formalParameter="CV">
                  <position x="580" y="260"/>
                  <position x="570" y="260"/>
                  <position x="570" y="230"/>
                  <position x="560" y="230"/>
                </connection>
              </connectionPointIn>
              <expression>Counter</expression>
            </outVariable>
            <contact localId="19" height="20" width="21" negated="true">
              <position x="510" y="370"/>
              <connectionPointIn>
                <relPosition x="0" y="10"/>
                <connection refLocalId="42">
                  <position x="510" y="380"/>
                  <position x="485" y="380"/>
                  <position x="485" y="360"/>
                  <position x="461" y="360"/>
                </connection>
              </connectionPointIn>
              <connectionPointOut>
                <relPosition x="21" y="10"/>
              </connectionPointOut>
              <variable>Start</variable>
            </contact>
            <block localId="20" typeName="TON" instanceName="TON1" height="120" width="60" executionOrderId="0">
              <position x="580" y="310"/>
              <inputVariables>
                <variable formalParameter="EN">
                  <connectionPointIn>
                    <relPosition x="0" y="40"/>
                    <connection refLocalId="1">
                      <position x="580" y="350"/>
                      <position x="570" y="350"/>
                      <position x="570" y="320"/>
                      <position x="380" y="320"/>
                    </connection>
                  </connectionPointIn>
                </variable>
                <variable formalParameter="IN">
                  <connectionPointIn>
                    <relPosition x="0" y="70"/>
                    <connection refLocalId="19">
                      <position x="580" y="380"/>
                      <position x="531" y="380"/>
                    </connection>
                  </connectionPointIn>
                </variable>
                <variable formalParameter="PT">
                  <connectionPointIn>
                    <relPosition x="0" y="100"/>
                    <connection refLocalId="21">
                      <position x="580" y="410"/>
                      <position x="545" y="410"/>
                      <position x="545" y="400"/>
                      <position x="510" y="400"/>
                    </connection>
                  </connectionPointIn>
                </variable>
              </inputVariables>
              <inOutVariables/>
              <outputVariables>
                <variable formalParameter="ENO">
                  <connectionPointOut>
                    <relPosition x="60" y="40"/>
                  </connectionPointOut>
                </variable>
                <variable formalParameter="Q">
                  <connectionPointOut>
                    <relPosition x="60" y="70"/>
                  </connectionPointOut>
                </variable>
                <variable formalParameter="ET">
                  <connectionPointOut>
                    <relPosition x="60" y="100"/>
                  </connectionPointOut>
                </variable>
              </outputVariables>
            </block>
            <inVariable localId="21" height="30" width="80" negated="false" executionOrderId="0">
              <position x="430" y="390"/>
              <connectionPointOut>
                <relPosition x="80" y="20"/>
              </connectionPointOut>
              <expression>T#1000ms</expression>
            </inVariable>
            <coil localId="22" height="20" width="21" negated="false">
              <position x="690" y="370"/>
              <connectionPointIn>
                <relPosition x="0" y="10"/>
                <connection refLocalId="20" formalParameter="Q">
                  <position x="690" y="380"/>
                  <position x="640" y="380"/>
                </connection>
              </connectionPointIn>
              <connectionPointOut>
                <relPosition x="21" y="10"/>
              </connectionPointOut>
              <variable>Banda2</variable>
            </coil>
            <coil localId="23" height="20" width="21" negated="false">
              <position x="710" y="440"/>
              <connectionPointIn>
                <relPosition x="0" y="10"/>
                <connection refLocalId="25">
                  <position x="710" y="450"/>
                  <position x="461" y="450"/>
                </connection>
              </connectionPointIn>
              <connectionPointOut>
                <relPosition x="21" y="10"/>
              </connectionPointOut>
              <variable>Banda1N</variable>
            </coil>
            <coil localId="24" height="20" width="21" negated="false">
              <position x="680" y="480"/>
              <connectionPointIn>
                <relPosition x="0" y="10"/>
                <connection refLocalId="26">
                  <position x="680" y="490"/>
                  <position x="590" y="490"/>
                  <position x="590" y="480"/>
                  <position x="501" y="480"/>
                </connection>
              </connectionPointIn>
              <connectionPointOut>
                <relPosition x="21" y="10"/>
              </connectionPointOut>
              <variable>Banda2N</variable>
            </coil>
            <contact localId="25" height="20" width="21" negated="false">
              <position x="440" y="440"/>
              <connectionPointIn>
                <relPosition x="0" y="10"/>
                <connection refLocalId="1">
                  <position x="440" y="450"/>
                  <position x="410" y="450"/>
                  <position x="410" y="440"/>
                  <position x="380" y="440"/>
                </connection>
              </connectionPointIn>
              <connectionPointOut>
                <relPosition x="21" y="10"/>
              </connectionPointOut>
              <variable>Tierra</variable>
            </contact>
            <contact localId="26" height="20" width="21" negated="false">
              <position x="480" y="470"/>
              <connectionPointIn>
                <relPosition x="0" y="10"/>
                <connection refLocalId="1">
                  <position x="480" y="480"/>
                  <position x="380" y="480"/>
                </connection>
              </connectionPointIn>
              <connectionPointOut>
                <relPosition x="21" y="10"/>
              </connectionPointOut>
              <variable>Tierra</variable>
            </contact>
            <contact localId="27" height="20" width="21" negated="true">
              <position x="440" y="510"/>
              <connectionPointIn>
                <relPosition x="0" y="10"/>
                <connection refLocalId="1">
                  <position x="440" y="520"/>
                  <position x="380" y="520"/>
                </connection>
              </connectionPointIn>
              <connectionPointOut>
                <relPosition x="21" y="10"/>
              </connectionPointOut>
              <variable>Sensor2</variable>
            </contact>
            <coil localId="35" height="20" width="21" negated="false">
              <position x="790" y="510"/>
              <connectionPointIn>
                <relPosition x="0" y="10"/>
                <connection refLocalId="70">
                  <position x="790" y="520"/>
                  <position x="720" y="520"/>
                  <position x="720" y="530"/>
                  <position x="650" y="530"/>
                </connection>
              </connectionPointIn>
              <connectionPointOut>
                <relPosition x="21" y="10"/>
              </connectionPointOut>
              <variable>AlmostReset</variable>
            </coil>
            <inVariable localId="28" height="30" width="30" negated="false" executionOrderId="0">
              <position x="450" y="560"/>
              <connectionPointOut>
                <relPosition x="30" y="20"/>
              </connectionPointOut>
              <expression>1</expression>
            </inVariable>
            <outVariable localId="29" height="30" width="80" negated="false" executionOrderId="0">
              <position x="590" y="570"/>
              <connectionPointIn>
                <relPosition x="0" y="10"/>
                <connection refLocalId="31" formalParameter="CV">
                  <position x="590" y="580"/>
                  <position x="580" y="580"/>
                  <position x="580" y="560"/>
                  <position x="570" y="560"/>
                </connection>
              </connectionPointIn>
              <expression>Counter1</expression>
            </outVariable>
            <contact localId="30" height="20" width="21" negated="false" executionOrderId="0">
              <position x="410" y="540"/>
              <connectionPointIn>
                <relPosition x="0" y="10"/>
                <connection refLocalId="1">
                  <position x="410" y="550"/>
                  <position x="395" y="550"/>
                  <position x="395" y="560"/>
                  <position x="380" y="560"/>
                </connection>
              </connectionPointIn>
              <connectionPointOut>
                <relPosition x="21" y="10"/>
              </connectionPointOut>
              <variable>Reset2</variable>
            </contact>
            <block localId="31" typeName="CTU" instanceName="CTU1" height="100" width="60" executionOrderId="0">
              <position x="510" y="500"/>
              <inputVariables>
                <variable formalParameter="CU" edge="rising">
                  <connectionPointIn>
                    <relPosition x="0" y="30"/>
                    <connection refLocalId="27">
                      <position x="510" y="530"/>
                      <position x="485" y="530"/>
                      <position x="485" y="520"/>
                      <position x="461" y="520"/>
                    </connection>
                  </connectionPointIn>
                </variable>
                <variable formalParameter="R">
                  <connectionPointIn>
                    <relPosition x="0" y="60"/>
                    <connection refLocalId="30">
                      <position x="510" y="560"/>
                      <position x="485" y="560"/>
                      <position x="485" y="550"/>
                      <position x="431" y="550"/>
                    </connection>
                  </connectionPointIn>
                </variable>
                <variable formalParameter="PV">
                  <connectionPointIn>
                    <relPosition x="0" y="80"/>
                    <connection refLocalId="28">
                      <position x="510" y="580"/>
                      <position x="480" y="580"/>
                    </connection>
                  </connectionPointIn>
                </variable>
              </inputVariables>
              <inOutVariables/>
              <outputVariables>
                <variable formalParameter="Q">
                  <connectionPointOut>
                    <relPosition x="60" y="30"/>
                  </connectionPointOut>
                </variable>
                <variable formalParameter="CV">
                  <connectionPointOut>
                    <relPosition x="60" y="60"/>
                  </connectionPointOut>
                </variable>
              </outputVariables>
            </block>
            <contact localId="32" height="20" width="21" negated="false" executionOrderId="0">
              <position x="490" y="640"/>
              <connectionPointIn>
                <relPosition x="0" y="10"/>
                <connection refLocalId="1">
                  <position x="490" y="650"/>
                  <position x="445" y="650"/>
                  <position x="445" y="640"/>
                  <position x="380" y="640"/>
                </connection>
              </connectionPointIn>
              <connectionPointOut>
                <relPosition x="21" y="10"/>
              </connectionPointOut>
              <variable>Out1</variable>
            </contact>
            <coil localId="33" height="20" width="21" negated="false" executionOrderId="0">
              <position x="790" y="630"/>
              <connectionPointIn>
                <relPosition x="0" y="10"/>
                <connection refLocalId="34" formalParameter="Q">
                  <position x="790" y="640"/>
                  <position x="740" y="640"/>
                </connection>
              </connectionPointIn>
              <connectionPointOut>
                <relPosition x="21" y="10"/>
              </connectionPointOut>
              <variable>Out2</variable>
            </coil>
            <block localId="34" typeName="TON" instanceName="TON2" height="120" width="60" executionOrderId="0">
              <position x="680" y="570"/>
              <inputVariables>
                <variable formalParameter="EN">
                  <connectionPointIn>
                    <relPosition x="0" y="40"/>
                    <connection refLocalId="1">
                      <position x="680" y="610"/>
                      <position x="478" y="610"/>
                      <position x="478" y="600"/>
                      <position x="380" y="600"/>
                    </connection>
                  </connectionPointIn>
                </variable>
                <variable formalParameter="IN">
                  <connectionPointIn>
                    <relPosition x="0" y="70"/>
                    <connection refLocalId="32">
                      <position x="680" y="640"/>
                      <position x="595" y="640"/>
                      <position x="595" y="650"/>
                      <position x="511" y="650"/>
                    </connection>
                  </connectionPointIn>
                </variable>
                <variable formalParameter="PT">
                  <connectionPointIn>
                    <relPosition x="0" y="100"/>
                    <connection refLocalId="36">
                      <position x="680" y="670"/>
                      <position x="646" y="670"/>
                      <position x="646" y="680"/>
                      <position x="600" y="680"/>
                    </connection>
                  </connectionPointIn>
                </variable>
              </inputVariables>
              <inOutVariables/>
              <outputVariables>
                <variable formalParameter="ENO">
                  <connectionPointOut>
                    <relPosition x="60" y="40"/>
                  </connectionPointOut>
                </variable>
                <variable formalParameter="Q">
                  <connectionPointOut>
                    <relPosition x="60" y="70"/>
                  </connectionPointOut>
                </variable>
                <variable formalParameter="ET">
                  <connectionPointOut>
                    <relPosition x="60" y="100"/>
                  </connectionPointOut>
                </variable>
              </outputVariables>
            </block>
            <inVariable localId="36" height="30" width="80" negated="false" executionOrderId="0">
              <position x="520" y="670"/>
              <connectionPointOut>
                <relPosition x="80" y="10"/>
              </connectionPointOut>
              <expression>T#4000ms</expression>
            </inVariable>
            <contact localId="37" height="20" width="21" negated="false">
              <position x="420" y="750"/>
              <connectionPointIn>
                <relPosition x="0" y="10"/>
                <connection refLocalId="1">
                  <position x="420" y="760"/>
                  <position x="380" y="760"/>
                </connection>
              </connectionPointIn>
              <connectionPointOut>
                <relPosition x="21" y="10"/>
              </connectionPointOut>
              <variable>Reset</variable>
            </contact>
            <coil localId="38" height="20" width="21" negated="false">
              <position x="780" y="750"/>
              <connectionPointIn>
                <relPosition x="0" y="10"/>
                <connection refLocalId="37">
                  <position x="780" y="760"/>
                  <position x="441" y="760"/>
                </connection>
              </connectionPointIn>
              <connectionPointOut>
                <relPosition x="21" y="10"/>
              </connectionPointOut>
              <variable>Reset2</variable>
            </coil>
            <comment localId="39" height="90" width="220">
              <position x="140" y="200"/>
              <content>
                <xhtml:p><![CDATA[Primera parte contador de 50 naranjas]]></xhtml:p>
              </content>
            </comment>
            <contact localId="40" height="20" width="21" negated="true" executionOrderId="0">
              <position x="450" y="710"/>
              <connectionPointIn>
                <relPosition x="0" y="10"/>
                <connection refLocalId="1">
                  <position x="450" y="720"/>
                  <position x="380" y="720"/>
                </connection>
              </connectionPointIn>
              <connectionPointOut>
                <relPosition x="21" y="10"/>
              </connectionPointOut>
              <variable>Out2</variable>
            </contact>
            <coil localId="41" height="20" width="21" negated="false" executionOrderId="0">
              <position x="750" y="710"/>
              <connectionPointIn>
                <relPosition x="0" y="10"/>
                <connection refLocalId="40">
                  <position x="750" y="720"/>
                  <position x="471" y="720"/>
                </connection>
              </connectionPointIn>
              <connectionPointOut>
                <relPosition x="21" y="10"/>
              </connectionPointOut>
              <variable>Start</variable>
            </coil>
            <contact localId="42" height="20" width="21" negated="false">
              <position x="440" y="350"/>
              <connectionPointIn>
                <relPosition x="0" y="10"/>
                <connection refLocalId="1">
                  <position x="440" y="360"/>
                  <position x="380" y="360"/>
                </connection>
              </connectionPointIn>
              <connectionPointOut>
                <relPosition x="21" y="10"/>
              </connectionPointOut>
              <variable>MyStart</variable>
            </contact>
            <contact localId="43" height="20" width="21" negated="false">
              <position x="420" y="150"/>
              <connectionPointIn>
                <relPosition x="0" y="10"/>
                <connection refLocalId="1">
                  <position x="420" y="160"/>
                  <position x="380" y="160"/>
                </connection>
              </connectionPointIn>
              <connectionPointOut>
                <relPosition x="21" y="10"/>
              </connectionPointOut>
              <variable>MyStart</variable>
            </contact>
            <contact localId="44" height="20" width="21" negated="false">
              <position x="430" y="790"/>
              <connectionPointIn>
                <relPosition x="0" y="10"/>
                <connection refLocalId="1">
                  <position x="430" y="800"/>
                  <position x="380" y="800"/>
                </connection>
              </connectionPointIn>
              <connectionPointOut>
                <relPosition x="21" y="10"/>
              </connectionPointOut>
              <variable>StartButton</variable>
            </contact>
            <contact localId="45" height="20" width="21" negated="true">
              <position x="530" y="790"/>
              <connectionPointIn>
                <relPosition x="0" y="10"/>
                <connection refLocalId="44">
                  <position x="530" y="800"/>
                  <position x="451" y="800"/>
                </connection>
              </connectionPointIn>
              <connectionPointOut>
                <relPosition x="21" y="10"/>
              </connectionPointOut>
              <variable>MyReset</variable>
            </contact>
            <coil localId="46" height="20" width="21" negated="false">
              <position x="770" y="790"/>
              <connectionPointIn>
                <relPosition x="0" y="10"/>
                <connection refLocalId="62">
                  <position x="770" y="800"/>
                  <position x="670" y="800"/>
                </connection>
              </connectionPointIn>
              <connectionPointOut>
                <relPosition x="21" y="10"/>
              </connectionPointOut>
              <variable>MyStart</variable>
            </coil>
            <contact localId="49" height="20" width="21" negated="true">
              <position x="430" y="870"/>
              <connectionPointIn>
                <relPosition x="0" y="10"/>
                <connection refLocalId="1">
                  <position x="430" y="880"/>
                  <position x="380" y="880"/>
                </connection>
              </connectionPointIn>
              <connectionPointOut>
                <relPosition x="21" y="10"/>
              </connectionPointOut>
              <variable>StartButton</variable>
            </contact>
            <coil localId="50" height="20" width="21" negated="false">
              <position x="590" y="870"/>
              <connectionPointIn>
                <relPosition x="0" y="10"/>
                <connection refLocalId="49">
                  <position x="590" y="880"/>
                  <position x="451" y="880"/>
                </connection>
              </connectionPointIn>
              <connectionPointOut>
                <relPosition x="21" y="10"/>
              </connectionPointOut>
              <variable>Reset3</variable>
            </coil>
            <contact localId="51" height="20" width="21" negated="false">
              <position x="440" y="910"/>
              <connectionPointIn>
                <relPosition x="0" y="10"/>
                <connection refLocalId="1">
                  <position x="440" y="920"/>
                  <position x="380" y="920"/>
                </connection>
              </connectionPointIn>
              <connectionPointOut>
                <relPosition x="21" y="10"/>
              </connectionPointOut>
              <variable>StartButton</variable>
            </contact>
            <coil localId="52" height="20" width="21" negated="false">
              <position x="700" y="910"/>
              <connectionPointIn>
                <relPosition x="0" y="10"/>
                <connection refLocalId="51">
                  <position x="700" y="920"/>
                  <position x="461" y="920"/>
                </connection>
              </connectionPointIn>
              <connectionPointOut>
                <relPosition x="21" y="10"/>
              </connectionPointOut>
              <variable>Ledsistema</variable>
            </coil>
            <comment localId="53" height="90" width="200">
              <position x="150" y="830"/>
              <content>
                <xhtml:p><![CDATA[Condicionales para el botón inicial y la luz avión piloto]]></xhtml:p>
              </content>
            </comment>
            <comment localId="17" height="120" width="200">
              <position x="150" y="310"/>
              <content>
                <xhtml:p><![CDATA[Después de las 50 naranjas: la banda 2 comienza teniendo un delay previo de 1000ms]]></xhtml:p>
              </content>
            </comment>
            <comment localId="18" height="150" width="210">
              <position x="140" y="660"/>
              <content>
                <xhtml:p><![CDATA[Cuando Out2 está en negativo se niega start por lo que la banda1 deja de moverse y comienza a moverse la segunda]]></xhtml:p>
              </content>
            </comment>
            <comment localId="54" height="80" width="140">
              <position x="180" y="950"/>
              <content>
                <xhtml:p><![CDATA[Contador de 100 cajas]]></xhtml:p>
              </content>
            </comment>
            <inVariable localId="55" height="30" width="30" negated="false" executionOrderId="0">
              <position x="470" y="1020"/>
              <connectionPointOut>
                <relPosition x="30" y="20"/>
              </connectionPointOut>
              <expression>3</expression>
            </inVariable>
            <outVariable localId="56" height="30" width="80" negated="false" executionOrderId="0">
              <position x="650" y="1000"/>
              <connectionPointIn>
                <relPosition x="0" y="20"/>
                <connection refLocalId="60" formalParameter="CV">
                  <position x="650" y="1020"/>
                  <position x="625" y="1020"/>
                  <position x="625" y="1010"/>
                  <position x="600" y="1010"/>
                </connection>
              </connectionPointIn>
              <expression>Counter2</expression>
            </outVariable>
            <contact localId="57" height="20" width="21" negated="false" executionOrderId="0">
              <position x="430" y="1000"/>
              <connectionPointIn>
                <relPosition x="0" y="10"/>
                <connection refLocalId="1">
                  <position x="430" y="1010"/>
                  <position x="410" y="1010"/>
                  <position x="410" y="1000"/>
                  <position x="380" y="1000"/>
                </connection>
              </connectionPointIn>
              <connectionPointOut>
                <relPosition x="21" y="10"/>
              </connectionPointOut>
              <variable>Reset3</variable>
            </contact>
            <contact localId="58" height="20" width="21" negated="false" executionOrderId="0">
              <position x="470" y="970"/>
              <connectionPointIn>
                <relPosition x="0" y="10"/>
                <connection refLocalId="1">
                  <position x="470" y="980"/>
                  <position x="425" y="980"/>
                  <position x="425" y="960"/>
                  <position x="380" y="960"/>
                </connection>
              </connectionPointIn>
              <connectionPointOut>
                <relPosition x="21" y="10"/>
              </connectionPointOut>
              <variable>AlmostReset</variable>
            </contact>
            <block localId="60" typeName="CTU" instanceName="CTU2" height="100" width="60" executionOrderId="0">
              <position x="540" y="950"/>
              <inputVariables>
                <variable formalParameter="CU" edge="rising">
                  <connectionPointIn>
                    <relPosition x="0" y="30"/>
                    <connection refLocalId="58">
                      <position x="540" y="980"/>
                      <position x="491" y="980"/>
                    </connection>
                  </connectionPointIn>
                </variable>
                <variable formalParameter="R">
                  <connectionPointIn>
                    <relPosition x="0" y="60"/>
                    <connection refLocalId="57">
                      <position x="540" y="1010"/>
                      <position x="451" y="1010"/>
                    </connection>
                  </connectionPointIn>
                </variable>
                <variable formalParameter="PV">
                  <connectionPointIn>
                    <relPosition x="0" y="90"/>
                    <connection refLocalId="55">
                      <position x="540" y="1040"/>
                      <position x="500" y="1040"/>
                    </connection>
                  </connectionPointIn>
                </variable>
              </inputVariables>
              <inOutVariables/>
              <outputVariables>
                <variable formalParameter="Q">
                  <connectionPointOut>
                    <relPosition x="60" y="30"/>
                  </connectionPointOut>
                </variable>
                <variable formalParameter="CV">
                  <connectionPointOut>
                    <relPosition x="60" y="60"/>
                  </connectionPointOut>
                </variable>
              </outputVariables>
            </block>
            <contact localId="62" height="20" width="21" negated="true">
              <position x="650" y="790"/>
              <connectionPointIn>
                <relPosition x="0" y="10"/>
                <connection refLocalId="45">
                  <position x="650" y="800"/>
                  <position x="551" y="800"/>
                </connection>
              </connectionPointIn>
              <connectionPointOut>
                <relPosition x="21" y="10"/>
              </connectionPointOut>
              <variable>EndProcess</variable>
            </contact>
            <contact localId="63" height="20" width="21" negated="true">
              <position x="440" y="1070"/>
              <connectionPointIn>
                <relPosition x="0" y="10"/>
                <connection refLocalId="1">
                  <position x="440" y="1080"/>
                  <position x="380" y="1080"/>
                </connection>
              </connectionPointIn>
              <connectionPointOut>
                <relPosition x="21" y="10"/>
              </connectionPointOut>
              <variable>StartButton</variable>
            </contact>
            <coil localId="64" height="20" width="21" negated="false">
              <position x="630" y="1090"/>
              <connectionPointIn>
                <relPosition x="0" y="10"/>
                <connection refLocalId="65">
                  <position x="630" y="1100"/>
                  <position x="530" y="1100"/>
                  <position x="530" y="1120"/>
                  <position x="460" y="1120"/>
                </connection>
                <connection refLocalId="63">
                  <position x="630" y="1100"/>
                  <position x="530" y="1100"/>
                  <position x="530" y="1080"/>
                  <position x="461" y="1080"/>
                </connection>
              </connectionPointIn>
              <connectionPointOut>
                <relPosition x="21" y="10"/>
              </connectionPointOut>
              <variable>Reset</variable>
            </coil>
            <contact localId="65" height="20" width="21" negated="false">
              <position x="440" y="1110"/>
              <connectionPointIn>
                <relPosition x="0" y="10"/>
                <connection refLocalId="1">
                  <position x="440" y="1120"/>
                  <position x="380" y="1120"/>
                </connection>
              </connectionPointIn>
              <connectionPointOut>
                <relPosition x="21" y="10"/>
              </connectionPointOut>
              <variable>AlmostReset</variable>
            </contact>
            <coil localId="66" height="20" width="21" negated="false">
              <position x="780" y="960"/>
              <connectionPointIn>
                <relPosition x="0" y="10"/>
                <connection refLocalId="60" formalParameter="Q">
                  <position x="780" y="970"/>
                  <position x="690" y="970"/>
                  <position x="690" y="980"/>
                  <position x="600" y="980"/>
                </connection>
              </connectionPointIn>
              <connectionPointOut>
                <relPosition x="21" y="10"/>
              </connectionPointOut>
              <variable>EndProcess</variable>
            </coil>
            <inVariable localId="47" height="30" width="30" negated="false" executionOrderId="0">
              <position x="510" y="1200"/>
              <connectionPointOut>
                <relPosition x="30" y="20"/>
              </connectionPointOut>
              <expression>1</expression>
            </inVariable>
            <block localId="48" typeName="CTU" instanceName="CTU3" height="100" width="60" executionOrderId="0">
              <position x="580" y="1130"/>
              <inputVariables>
                <variable formalParameter="CU" edge="rising">
                  <connectionPointIn>
                    <relPosition x="0" y="30"/>
                    <connection refLocalId="67">
                      <position x="580" y="1160"/>
                      <position x="530" y="1160"/>
                    </connection>
                  </connectionPointIn>
                </variable>
                <variable formalParameter="R">
                  <connectionPointIn>
                    <relPosition x="0" y="60"/>
                    <connection refLocalId="68">
                      <position x="580" y="1190"/>
                      <position x="460" y="1190"/>
                    </connection>
                  </connectionPointIn>
                </variable>
                <variable formalParameter="PV">
                  <connectionPointIn>
                    <relPosition x="0" y="80"/>
                    <connection refLocalId="47">
                      <position x="580" y="1210"/>
                      <position x="560" y="1210"/>
                      <position x="560" y="1220"/>
                      <position x="540" y="1220"/>
                    </connection>
                  </connectionPointIn>
                </variable>
              </inputVariables>
              <inOutVariables/>
              <outputVariables>
                <variable formalParameter="Q">
                  <connectionPointOut>
                    <relPosition x="60" y="30"/>
                  </connectionPointOut>
                </variable>
                <variable formalParameter="CV">
                  <connectionPointOut>
                    <relPosition x="60" y="60"/>
                  </connectionPointOut>
                </variable>
              </outputVariables>
            </block>
            <outVariable localId="59" height="30" width="180" negated="false" executionOrderId="0">
              <position x="660" y="1190"/>
              <connectionPointIn>
                <relPosition x="0" y="20"/>
                <connection refLocalId="48" formalParameter="CV">
                  <position x="660" y="1210"/>
                  <position x="650" y="1210"/>
                  <position x="650" y="1190"/>
                  <position x="640" y="1190"/>
                </connection>
              </connectionPointIn>
              <expression>Thefinalcountertarara</expression>
            </outVariable>
            <coil localId="61" height="20" width="21" negated="false" executionOrderId="0">
              <position x="710" y="1150"/>
              <connectionPointIn>
                <relPosition x="0" y="10"/>
                <connection refLocalId="48" formalParameter="Q">
                  <position x="710" y="1160"/>
                  <position x="640" y="1160"/>
                </connection>
              </connectionPointIn>
              <connectionPointOut>
                <relPosition x="21" y="10"/>
              </connectionPointOut>
              <variable>MyReset</variable>
            </coil>
            <contact localId="67" height="20" width="21" negated="true" executionOrderId="0">
              <position x="510" y="1150"/>
              <connectionPointIn>
                <relPosition x="0" y="10"/>
                <connection refLocalId="1">
                  <position x="510" y="1160"/>
                  <position x="380" y="1160"/>
                </connection>
              </connectionPointIn>
              <connectionPointOut>
                <relPosition x="21" y="10"/>
              </connectionPointOut>
              <variable>EmergenciaButton</variable>
            </contact>
            <contact localId="68" height="20" width="21" negated="true" executionOrderId="0">
              <position x="440" y="1180"/>
              <connectionPointIn>
                <relPosition x="0" y="10"/>
                <connection refLocalId="1">
                  <position x="440" y="1190"/>
                  <position x="420" y="1190"/>
                  <position x="420" y="1200"/>
                  <position x="380" y="1200"/>
                </connection>
              </connectionPointIn>
              <connectionPointOut>
                <relPosition x="21" y="10"/>
              </connectionPointOut>
              <variable>StartButton</variable>
            </contact>
            <contact localId="70" height="20" width="21" negated="true">
              <position x="630" y="520"/>
              <connectionPointIn>
                <relPosition x="0" y="10"/>
                <connection refLocalId="31" formalParameter="Q">
                  <position x="630" y="530"/>
                  <position x="570" y="530"/>
                </connection>
              </connectionPointIn>
              <connectionPointOut>
                <relPosition x="21" y="10"/>
              </connectionPointOut>
              <variable>Start</variable>
            </contact>
            <comment localId="71" height="100" width="240">
              <position x="920" y="10"/>
              <content>
                <xhtml:p><![CDATA[Este es un led titilante para confirmar que el led está funcionando]]></xhtml:p>
              </content>
            </comment>
            <comment localId="72" height="220" width="340">
              <position x="880" y="130"/>
              <content>
                <xhtml:p><![CDATA[Para comenzar la banda hay dos variables necesarias Start y MyStart, Mystart se prende cuando tres condiciones se cumplen: a. el sistema está prendido, b. no hay botón del pánico encendido y c. el sistema no terminó las n canstas del día. Start confirma que la banda 2 no este adelante antes de empezar]]></xhtml:p>
              </content>
            </comment>
            <comment localId="73" height="160" width="190">
              <position x="160" y="460"/>
              <content>
                <xhtml:p><![CDATA[Y el sensor 2 se activa cuando encuetra una caja otra vez, a su vez existe una condición de que si start (la banda 1) sigue prendida que no cuente esa caja]]></xhtml:p>
              </content>
            </comment>
            <comment localId="74" height="180" width="270">
              <position x="900" y="460"/>
              <content>
                <xhtml:p><![CDATA[Cuando el sensor1 detecta las 50 naranjas el put1 se prende, esta es la entrada que va hacia TON, hay una espera de 4000ms ya que se demora un tiempo la última naranja en pasar a la banda]]></xhtml:p>
              </content>
            </comment>
            <comment localId="75" height="200" width="260">
              <position x="900" y="660"/>
              <content>
                <xhtml:p><![CDATA[Utilización de que el reset 1 resetea también el reset 2, con esto implica que cuando se resetee el conteo de 50 naranjas también se resetea el primer contador de la segunda banda]]></xhtml:p>
              </content>
            </comment>
            <comment localId="76" height="120" width="200">
              <position x="150" y="1070"/>
              <content>
                <xhtml:p><![CDATA[Condicionales para el reset de las naranjas y en parte de la bandeja a partir de las señales del reset]]></xhtml:p>
              </content>
            </comment>
            <comment localId="77" height="60" width="250">
              <position x="890" y="1180"/>
              <content>
                <xhtml:p><![CDATA[Lógica para un botón de emergencia o de pánico]]></xhtml:p>
              </content>
            </comment>
            <comment localId="78" height="90" width="250">
              <position x="120" y="10"/>
              <content>
                <xhtml:p><![CDATA[Para un resumen del código ve a la nota 15 (última nota del proyecto)]]></xhtml:p>
              </content>
            </comment>
            <comment localId="79" height="130" width="440">
              <position x="400" y="1260"/>
              <content>
                <xhtml:p><![CDATA[Nota 15: El proyecto básicamente son 3 contadores, el primero que son las 50 naranjas, el segundo que identifica cuando hay una caja después de que se mueve la segunda banda y el tercero que cuenta la cantidad de cajas]]></xhtml:p>
              </content>
            </comment>
          </LD>
        </body>
      </pou>
    </pous>
  </types>
  <instances>
    <configurations>
      <configuration name="Config0">
        <resource name="Res0">
          <task name="task0" priority="0" interval="T#20ms">
            <pouInstance name="instance0" typeName="testingopen"/>
          </task>
        </resource>
      </configuration>
    </configurations>
  </instances>
</project>
